{
  "ticker": "RELIANCE.NS",
  "params": {
    "horizon": 20,
    "target_pct": 8.0,
    "stop_pct": 3.0
  },
  "horizons": [
    {
      "horizon_days": 20,
      "is_trader": true,
      "hit_rate": 0.1676253081347576,
      "expectancy": 0.2533979087594488,
      "payoff": 2.2712293580096823,
      "avg": 0.25339790875944873,
      "median": -3.0200214002111925,
      "n": 1217,
      "wins": 204,
      "losses": 624,
      "timeouts": 389,
      "avg_win": 8.960670258139833,
      "avg_loss": -3.9452951885018885
    },
    {
      "horizon_days": 60,
      "is_trader": false,
      "hit_rate": 0.3211554800339847,
      "expectancy": 0.28082038532254805,
      "payoff": 2.2836718466481862,
      "avg": 0.2808203853225482,
      "median": -3.284031597907877,
      "n": 1177,
      "wins": 378,
      "losses": 785,
      "timeouts": 14,
      "avg_win": 8.957538506560558,
      "avg_loss": -3.9224280492435053
    },
    {
      "horizon_days": 120,
      "is_trader": false,
      "hit_rate": 0.34646374216651743,
      "expectancy": 0.5410914374933484,
      "payoff": 2.2839996645814886,
      "avg": 0.541091437493349,
      "median": -3.2549579025025976,
      "n": 1117,
      "wins": 387,
      "losses": 730,
      "timeouts": 0,
      "avg_win": 8.969310155713426,
      "avg_loss": -3.9270190336726376
    },
    {
      "horizon_days": 252,
      "is_trader": false,
      "hit_rate": 0.3401015228426396,
      "expectancy": 0.4983052077235399,
      "payoff": 2.3156513133615193,
      "avg": 0.49830520772353976,
      "median": -3.2570661796005984,
      "n": 985,
      "wins": 335,
      "losses": 650,
      "timeouts": 0,
      "avg_win": 9.03899918798825,
      "avg_loss": -3.9034370744128877
    }
  ],
  "decision_old": {
    "rules": "old",
    "action": "NEUTRAL",
    "confidence": 0.55,
    "size_pct": 0.0,
    "rationale": "hit-rate 16.8% < 40% caps confidence at 0.60; quality penalty halves size; both binding => NEUTRAL by default."
  },
  "decision_new": {
    "rules": "new",
    "action": "OVERWEIGHT",
    "confidence": 0.808,
    "size_pct": 1.125,
    "rationale": "best-expectancy horizon = 120d (exp +0.54%, hit-rate 34.6%, payoff 2.28x). Positive expectancy with payoff \u2265 1.5 \u2014 hit-rate cap not binding."
  },
  "walk_forward": {
    "n_proposals": 0,
    "n_folds": 0,
    "total_return_pct": null,
    "sharpe": null,
    "max_drawdown": null,
    "deflated_sharpe": null,
    "notes": "Only 0 proposals for RELIANCE.NS; walk-forward needs \u2265 5."
  },
  "timestamp": "20260626T093330Z"
}